hgvs	gene	disease	pmid	source	title	consensus	curator1_model	curator1_verdict	curator1_confidence	curator1_reasoning	curator2_model	curator2_verdict	curator2_confidence	curator2_reasoning	curator3_model	curator3_verdict	curator3_confidence	curator3_reasoning
NM_000492.4:c.3963+1G>A	CFTR	Cystic fibrosis	11280952	text2gene2	Laboratory standards and guidelines for population-based cystic fibrosis carrier screening.	not_relevant	heavy/reasoning	not_relevant	high	This appears to be a guidelines paper about laboratory standards for CF carrier screening rather than a research study that would discuss specific variants. The title indicates it focuses on methodology and standards rather than variant analysis.	loki/qwen3-coder-30b	not_relevant	high	The paper discusses laboratory standards and guidelines for cystic fibrosis carrier screening but does not mention the specific variant NM_000492.4:c.3963+1G>A or any of its synonyms.	spartacus/qwen3-14b	not_relevant	high	The paper discusses general laboratory standards for CF carrier screening, not specific variant analysis. No mention of the target variant's HGVS or legacy names is present in the provided title or text.
NM_000492.4:c.3963+1G>A	CFTR	Cystic fibrosis	12394352	text2gene2	Standards and guidelines for CFTR mutation testing.	not_relevant	heavy/reasoning	not_relevant	high	This appears to be a standards/guidelines document for CFTR mutation testing methodology rather than a research paper discussing specific variants. The abstract indicates it focuses on laboratory testing standards, not variant-specific findings.	loki/qwen3-coder-30b	not_relevant	high	The paper is a guideline document about CFTR mutation testing standards and does not discuss the specific variant NM_000492.4:c.3963+1G>A or any of its synonyms in the context of cystic fibrosis.	spartacus/qwen3-14b	not_relevant	medium	The paper discusses general standards for CFTR mutation testing but does not mention the specific variant (e.g., IVS19+1G>A or c.3963+1G>A) or provide any per-variant analysis in the abstract provided.
NM_000492.4:c.3963+1G>A	CFTR	Cystic fibrosis	15789152	text2gene2	Cystic fibrosis prenatal screening in genetic counseling practice: recommendations of the National Society of Genetic Counselors.	not_relevant	heavy/reasoning	not_relevant	high	This paper appears to be about general CF prenatal screening recommendations and policy, not about specific genetic variants. The abstract discusses screening practices and professional recommendations rather than variant analysis.	loki/qwen3-coder-30b	not_relevant	high	The paper discusses prenatal screening for cystic fibrosis and recommendations by genetic counseling organizations, but does not mention the specific variant NM_000492.4:c.3963+1G>A or any of its synonyms.	spartacus/qwen3-14b	not_relevant	high	The paper discusses general CF prenatal screening practices and recommendations but does not mention the specific variant (e.g., IVS19+1G>A or c.3963+1G>A) or analyze its role in cystic fibrosis.
NM_000492.4:c.3963+1G>A	CFTR	Cystic fibrosis	17761616	text2gene2	Cystic fibrosis pulmonary guidelines: chronic medications for maintenance of lung health.	not_relevant	heavy/reasoning	not_relevant	high	This paper appears to be clinical guidelines focused on chronic medications for lung health in cystic fibrosis patients. The abstract discusses general disease pathophysiology and treatment approaches but shows no indication of discussing specific genetic variants.	loki/qwen3-coder-30b	not_relevant	high	The paper discusses general cystic fibrosis pulmonary guidelines and does not mention the specific variant NM_000492.4:c.3963+1G>A or any of its synonyms.	spartacus/qwen3-14b	not_relevant	high	The paper focuses on pulmonary guidelines and chronic medications for cystic fibrosis, with no mention of genetic variants, including the specified CFTR mutation.
NM_000492.4:c.3963+1G>A	CFTR	Cystic fibrosis	18197057	text2gene2	Carrier screening in individuals of Ashkenazi Jewish descent.	disputed	heavy/reasoning	not_relevant	high	This paper discusses carrier screening recommendations for Ashkenazi Jewish individuals and mentions cystic fibrosis as one of the recommended conditions, but does not discuss any specific CFTR variants or mutations, including the target variant c.3963+1G>A.	loki/qwen3-coder-30b	catalog	high	The paper discusses carrier screening for cystic fibrosis in Ashkenazi Jewish individuals and mentions testing for specific mutations listed in Table 1, but does not specifically analyze or discuss the target variant NM_000492.4:c.3963+1G>A. The variant appears only as part of a general discussion of screening panels without per-variant findings.	spartacus/qwen3-14b	partial	medium	The paper discusses cystic fibrosis carrier screening and mentions testing for specific mutations (Table 1), but the variant is not explicitly named in the provided text. It may be included in the table but lacks direct analysis or commentary in the main text.
NM_000492.4:c.3963+1G>A	CFTR	Cystic fibrosis	19888064	text2gene2	ACOG Committee Opinion No. 442: Preconception and prenatal carrier screening for genetic diseases in individuals of Eastern European Jewish descent.	not_relevant	heavy/reasoning	not_relevant	high	This is an ACOG committee opinion about general carrier screening recommendations for Eastern European Jewish populations. The abstract mentions Tay-Sachs but is truncated, and there is no indication that specific CFTR variants are discussed.	loki/qwen3-coder-30b	not_relevant	high	The paper discusses carrier screening for autosomal recessive diseases in individuals of Eastern European Jewish descent but does not mention the CFTR variant c.3963+1G>A or any specific genetic variant related to cystic fibrosis.	spartacus/qwen3-14b	not_relevant	high	The paper focuses on Tay-Sachs and other diseases prevalent in Ashkenazi Jews but does not mention CFTR, cystic fibrosis, or any of the variant's synonyms.
NM_000492.4:c.3963+1G>A	CFTR	Cystic fibrosis	19914443	text2gene2	Cystic Fibrosis Foundation practice guidelines for the management of infants with cystic fibrosis transmembrane conductance regulator-related metabolic syndrome during the first two years of life and beyond.	not_relevant	heavy/reasoning	not_relevant	high	This paper is a practice guideline for managing CFTR-related metabolic syndrome (CRMS) and focuses on general management principles rather than specific variants. The variant c.3963+1G>A or any of its synonyms does not appear in the provided text.	loki/qwen3-coder-30b	not_relevant	high	The paper discusses CFTR-related metabolic syndrome and general CFTR mutation classifications but does not specifically mention or analyze the variant NM_000492.4:c.3963+1G>A (or any of its synonyms).	spartacus/qwen3-14b	not_relevant	high	The paper discusses CFTR mutations in general terms and guidelines for CRMS but does not mention the specific variant (e.g., IVS19+1G>A, c.3963+1G>A) or provide any analysis related to it.
NM_000492.4:c.3963+1G>A	CFTR	Cystic fibrosis	19914445	text2gene2	Cystic Fibrosis Foundation evidence-based guidelines for management of infants with cystic fibrosis.	not_relevant	heavy/reasoning	not_relevant	high	This paper is a clinical management guideline for infants with cystic fibrosis and does not discuss any specific genetic variants. It focuses on care protocols and treatment recommendations rather than variant analysis.	loki/qwen3-coder-30b	not_relevant	high	The paper discusses cystic fibrosis and CFTR gene management guidelines but does not mention the specific variant NM_000492.4:c.3963+1G>A or any of its synonyms. No variant-specific analysis or data are presented.	spartacus/qwen3-14b	not_relevant	high	The paper discusses general management guidelines for cystic fibrosis and mentions the CFTR gene in the context of genetic counseling, but it does not reference the specific variant (e.g., IVS19+1G>A or 3849+1G>A) or provide any analysis related to it.
NM_000492.4:c.3963+1G>A	CFTR	Cystic fibrosis	20301428	text2gene2	Cystic Fibrosis	not_relevant	heavy/reasoning	not_relevant	high	This appears to be a general clinical overview of cystic fibrosis disease characteristics without any mention of specific genetic variants or mutations.	loki/qwen3-coder-30b	not_relevant	high	The paper title and abstract discuss cystic fibrosis broadly but do not mention the specific variant NM_000492.4:c.3963+1G>A or any of its synonyms.	spartacus/qwen3-14b	not_relevant	high	The paper's abstract discusses general clinical characteristics of cystic fibrosis but does not mention any genetic variants, including the target CFTR variant or its synonyms.
NM_000492.4:c.3963+1G>A	CFTR	Cystic fibrosis	20605539	text2gene2	Guidelines on the early management of infants diagnosed with cystic fibrosis following newborn screening.	not_relevant	heavy/reasoning	not_relevant	high	This paper focuses on clinical management guidelines for newborn screening and early care of CF infants, not on specific genetic variants or their analysis.	loki/qwen3-coder-30b	not_relevant	high	The paper discusses general guidelines for managing infants diagnosed with cystic fibrosis through newborn screening but does not mention the specific variant NM_000492.4:c.3963+1G>A or any of its synonyms.	spartacus/qwen3-14b	not_relevant	high	The paper focuses on clinical management guidelines for cystic fibrosis diagnosed via newborn screening, with no mention of genetic variants, CFTR mutations, or specific molecular findings in the provided text.
NM_000492.4:c.3963+1G>A	CFTR	Cystic fibrosis	20675678	text2gene2	Cystic fibrosis pulmonary guidelines: pulmonary complications: hemoptysis and pneumothorax.	not_relevant	heavy/reasoning	not_relevant	high	This paper appears to be clinical guidelines focused on pulmonary complications (hemoptysis and pneumothorax) in cystic fibrosis patients. It does not discuss specific genetic variants or mutations, including the target variant c.3963+1G>A.	loki/qwen3-coder-30b	not_relevant	high	The paper discusses cystic fibrosis and its pulmonary complications but does not mention the specific variant NM_000492.4:c.3963+1G>A or any of its synonyms.	spartacus/qwen3-14b	not_relevant	high	The paper focuses on clinical pulmonary complications of cystic fibrosis (hemoptysis and pneumothorax) without mentioning any genetic variants, including the specified CFTR mutation.
NM_000492.4:c.3963+1G>A	CFTR	Cystic fibrosis	21422883	text2gene2	ACOG Committee Opinion No. 486: Update on carrier screening for cystic fibrosis.	not_relevant	heavy/reasoning	not_relevant	high	This is an ACOG committee opinion on carrier screening guidelines for cystic fibrosis. The abstract indicates it's a policy/guideline document rather than a research paper that would discuss specific variants.	loki/qwen3-coder-30b	not_relevant	high	The paper is a guideline update on carrier screening for cystic fibrosis and does not specifically discuss the variant NM_000492.4:c.3963+1G>A or any of its synonyms.	spartacus/qwen3-14b	not_relevant	high	The paper discusses general guidelines for CF carrier screening but does not mention the specific variant (e.g., IVS19+1G>A or c.3963+1G>A) or provide any variant-specific data in the abstract.
NM_000492.4:c.3963+1G>A	CFTR	Cystic fibrosis	21938795	text2gene2		not_relevant	heavy/reasoning	not_relevant	high	This appears to be an incomplete abstract about ACMG ACT Sheets and clinical decision making resources, with no mention of CFTR, cystic fibrosis, or any specific genetic variants.	loki/qwen3-coder-30b	not_relevant	high	The paper does not discuss the specific CFTR variant HGVS: NM_000492.4:c.3963+1G>A or any of its synonyms. It only mentions ACMG ACT Sheets as a resource for genetic conditions without focusing on cystic fibrosis or the listed variant.	spartacus/qwen3-14b	not_relevant	high	The paper discusses general resources (ACMG ACT Sheets) for genetic conditions but does not mention CFTR, cystic fibrosis, or any specific variant, including the target variant's synonyms.
NM_000492.4:c.3963+1G>A	CFTR	Cystic fibrosis	22379635	text2gene2	PRSS1-Related Hereditary Pancreatitis	not_relevant	heavy/reasoning	not_relevant	high	This paper is about PRSS1-related hereditary pancreatitis, which is a completely different gene and disease from the target CFTR variant associated with cystic fibrosis.	loki/qwen3-coder-30b	not_relevant	high	The paper discusses PRSS1-related hereditary pancreatitis, not CFTR-related cystic fibrosis. The target variant is not mentioned anywhere in the provided text.	spartacus/qwen3-14b	not_relevant	high	The paper discusses PRSS1-related hereditary pancreatitis, a distinct genetic condition unrelated to CFTR or cystic fibrosis. No mention of CFTR, its variants, or the specified HGVS/legacy names appears in the provided text.
NM_000492.4:c.3963+1G>A	CFTR	Cystic fibrosis	22475884	text2gene2	Good laboratory practices for biochemical genetic testing and newborn screening for inherited metabolic disorders.	not_relevant	heavy/reasoning	not_relevant	high	This paper focuses on general laboratory practices for biochemical genetic testing and newborn screening for inherited metabolic disorders, with no mention of CFTR, cystic fibrosis, or the specific variant.	loki/qwen3-coder-30b	not_relevant	high	The paper discusses general laboratory practices for inherited metabolic disorders but does not mention the CFTR gene or the specific variant c.3963+1G>A in any context.	spartacus/qwen3-14b	not_relevant	high	The paper focuses on biochemical testing and newborn screening for metabolic disorders, not CFTR variants or cystic fibrosis. No variant-specific data, gene, or disease-related findings are mentioned in the provided text.
NM_000492.4:c.3963+1G>A	CFTR	Cystic fibrosis	24014130	text2gene2	Molecular testing for cystic fibrosis carrier status practice guidelines: recommendations of the National Society of Genetic Counselors.	not_relevant	heavy/reasoning	not_relevant	high	This appears to be a practice guidelines paper for genetic counselors about CF carrier testing in general, not a research study that would discuss specific variants like c.3963+1G>A.	loki/qwen3-coder-30b	not_relevant	high	The paper is a set of practice guidelines for CF carrier testing and does not discuss the specific variant NM_000492.4:c.3963+1G>A or any of its synonyms. There is no mention of functional, clinical, or segregation data related to this variant.	spartacus/qwen3-14b	not_relevant	high	The paper discusses general guidelines for CF carrier testing and molecular test interpretation but does not mention the specific variant (e.g., IVS19+1G>A or c.3963+1G>A) or analyze its clinical/functional implications.
NM_000492.4:c.3963+1G>A	CFTR	Cystic fibrosis	24598717	text2gene2	Clinical Pharmacogenetics Implementation Consortium (CPIC) guidelines for ivacaftor therapy in the context of CFTR genotype.	not_relevant	heavy/reasoning	not_relevant	high	The paper focuses on ivacaftor therapy guidelines for the G551D-CFTR variant specifically, and does not mention or discuss the target variant c.3963+1G>A (or any of its synonyms) anywhere in the provided text.	loki/qwen3-coder-30b	not_relevant	high	The paper discusses ivacaftor therapy and CFTR variants, but specifically focuses on the G551D-CFTR variant (rs75527207). The target variant c.3963+1G>A (IVS19+1G>A) is not mentioned or analyzed in the text.	spartacus/qwen3-14b	not_relevant	high	The paper discusses Ivacaftor's use for the G551D-CFTR variant (rs75527207), not the target variant (IVS19+1G>A, rs121908769). No mention of the specific variant in question is present.
NM_000492.4:c.3963+1G>A	CFTR	Cystic fibrosis	24624459	text2gene2	Pancreatitis Overview	not_relevant	heavy/reasoning	not_relevant	high	This appears to be a general overview about pancreatitis that does not mention CFTR variants or cystic fibrosis. The abstract indicates it's a broad educational review about pancreatitis causes and management.	loki/qwen3-coder-30b	not_relevant	high	The paper provides an overview of pancreatitis and its genetic causes but does not mention the CFTR gene or the specific variant c.3963+1G>A in any form.	spartacus/qwen3-14b	not_relevant	high	The paper focuses on pancreatitis and its genetic causes but does not mention the CFTR gene or the specific variant (e.g., IVS19+1G>A) in the provided text. No variant-level analysis is indicated.
NM_000492.4:c.3963+1G>A	CFTR	Cystic fibrosis	25431289	text2gene2	Human Genetics Society of Australasia position statement: population-based carrier screening for cystic fibrosis.	not_relevant	heavy/reasoning	not_relevant	high	This is a position statement about population-based carrier screening for cystic fibrosis that discusses general principles and policy recommendations. The specific variant c.3963+1G>A is not mentioned or discussed in the provided abstract.	loki/qwen3-coder-30b	not_relevant	high	The paper is a position statement on population-based carrier screening for cystic fibrosis and does not specifically discuss the target variant NM_000492.4:c.3963+1G>A or any of its synonyms. It does not present functional, clinical, or segregation data for this variant.	spartacus/qwen3-14b	not_relevant	high	The paper discusses CFTR and cystic fibrosis in general terms but does not mention any specific variants, including the target variant or its synonyms.
NM_000492.4:c.3963+1G>A	CFTR	Cystic fibrosis	25741868	text2gene2	Standards and guidelines for the interpretation of sequence variants: a joint consensus recommendation of the American College of Medical Genetics and Genomics and the Association for Molecular Pathology.	not_relevant	heavy/reasoning	not_relevant	high	This paper is a general guidelines document for variant interpretation methodology and does not discuss any specific variants. While it mentions cystic fibrosis in passing as an example disease area, it does not contain any analysis or discussion of the target variant c.3963+1G>A or its synonyms.	loki/qwen3-coder-30b	not_relevant	high	The paper discusses general standards and guidelines for interpreting sequence variants, including those in CFTR, but does not specifically analyze the target variant NM_000492.4:c.3963+1G>A or any of its synonyms. It provides a framework for variant classification rather than reporting findings about a specific mutation.	spartacus/qwen3-14b	not_relevant	high	The paper discusses general guidelines for variant interpretation and mentions cystic fibrosis in a broad context, but does not reference the specific CFTR variant (e.g., IVS19+1G>A, 3849+1G>A) or its synonyms. No specific analysis or mention of this variant is present.
NM_000492.4:c.3963+1G>A	CFTR	Cystic fibrosis	25981758	text2gene2	Lumacaftor-Ivacaftor in Patients with Cystic Fibrosis Homozygous for Phe508del CFTR.	not_relevant	heavy/reasoning	not_relevant	high	This paper focuses exclusively on patients homozygous for the Phe508del CFTR mutation and evaluates lumacaftor-ivacaftor therapy in this specific population. The target variant c.3963+1G>A (and its synonyms) is not mentioned anywhere in the paper.	loki/qwen3-coder-30b	relevant	high	The paper specifically evaluates the treatment efficacy of lumacaftor-ivacaftor in patients homozygous for the Phe508del CFTR mutation, which is the target variant. It discusses clinical outcomes, drug mechanisms, and provides detailed findings related to this specific mutation.	spartacus/qwen3-14b	not_relevant	high	The paper focuses exclusively on the Phe508del mutation (c.1521_1523delCTT) and its treatment with lumacaftor–ivacaftor. None of the synonyms for the target variant (e.g., IVS19+1G>A, c.3963+1G>A) are mentioned, and the variant in question is not discussed at all.
NM_000492.4:c.3963+1G>A	CFTR	Cystic fibrosis	27022295	text2gene2	Analysis of the CFTR gene in Venezuelan cystic fibrosis patients, identification of six novel cystic fibrosis-causing genetic variants.	relevant	heavy/reasoning	relevant	high	The paper specifically identifies c.3963+1G>A as one of eight novel genetic variants discovered in their Venezuelan CF cohort, categorizing it as an mRNA splicing defect mutation. This represents meaningful findings about this specific variant.	loki/qwen3-coder-30b	relevant	high	The paper explicitly identifies c.3963+1G>A as a CF-causing mutation, reporting its frequency (0.45%) and classifying it as an mRNA splicing defect. It is discussed in the context of the Venezuelan CF population and included in tables showing mutation frequencies and novel variants.	spartacus/qwen3-14b	relevant	high	The paper explicitly mentions the variant c.3963+1G>A as a novel mRNA splicing defect in the 'Novel genetic variants' section, providing a specific functional annotation.
NM_000492.4:c.3963+1G>A	CFTR	Cystic fibrosis	29506920	text2gene2	ECFS best practice guidelines: the 2018 revision.	not_relevant	heavy/reasoning	not_relevant	high	This appears to be a clinical practice guidelines paper about CF management rather than a research study discussing specific variants. The abstract mentions mutation-specific therapies but does not reference any specific variants including the target variant.	loki/qwen3-coder-30b	not_relevant	high	The paper is about ECFS best practice guidelines and does not mention the specific CFTR variant NM_000492.4:c.3963+1G>A or any of its synonyms.	spartacus/qwen3-14b	not_relevant	high	The paper discusses general CF management guidelines and newborn screening but does not mention the specific CFTR variant (e.g., IVS19+1G>A or c.3963+1G>A) or analyze its clinical implications.
NM_000492.4:c.3963+1G>A	CFTR	Cystic fibrosis	32404922	text2gene2	CFTR variant testing: a technical standard of the American College of Medical Genetics and Genomics (ACMG).	not_relevant	heavy/reasoning	not_relevant	high	This paper is a technical standards document about CFTR variant testing in general, discussing the ACMG-23 core panel and testing methodologies. The specific variant c.3963+1G>A (or any of its synonyms) is not mentioned anywhere in the provided text.	loki/qwen3-coder-30b	not_relevant	high	The paper discusses CFTR gene variants in general and the ACMG recommendations for carrier screening, but does not specifically mention or analyze the target variant NM_000492.4:c.3963+1G>A (or any of its synonyms). It provides background information on CFTR but does not offer variant-specific findings.	spartacus/qwen3-14b	not_relevant	high	The paper discusses CFTR gene testing guidelines and carrier screening but does not mention the specific variant (e.g., IVS19+1G>A, c.3963+1G>A) or its association with cystic fibrosis. It focuses on general testing standards rather than variant-specific analysis.
NM_000492.4:c.3963+1G>A	CFTR	Cystic fibrosis	32429104	text2gene2	Analysis of CFTR Mutation Spectrum in Ethnic Russian Cystic Fibrosis Patients.	catalog	heavy/reasoning	not_relevant	high	This paper analyzes CFTR mutations in ethnic Russian CF patients and identifies 91 pathogenic variants, but the target variant c.3963+1G>A (or any of its synonyms like 3849+1G>A, IVS19+1G>A) is not mentioned anywhere in the text.	loki/qwen3-coder-30b	catalog	high	The paper reports on a large-scale analysis of CFTR variants in Russian patients and identifies numerous variants, but does not specifically analyze or discuss the target variant NM_000492.4:c.3963+1G>A (or its synonyms). The variant appears only in the context of a general list of identified variants without any functional or clinical significance attributed to it.	spartacus/qwen3-14b	catalog	medium	The paper lists multiple CFTR variants but does not specifically mention the target variant (e.g., c.3963+1G>A, IVS19+1G>A) or provide per-variant analysis. It broadly catalogs variants identified in Russian CF patients without detailed discussion of this specific mutation.
NM_000070.3:c.257C>T	CAPN3	Autosomal recessive limb-girdle muscular dystrophy type 2A	9150160	text2gene2	Multiple independent molecular etiology for limb-girdle muscular dystrophy type 2A patients from various geographical origins.	catalog	heavy/reasoning	catalog	high	This paper reports 19 novel mutations in CAPN3 among 21 LGMD2A pedigrees but does not provide specific details about individual variants. The target variant is not mentioned by any of its known synonyms in the provided text.	loki/qwen3-coder-30b	catalog	high	The paper reports novel mutations in CAPN3 but does not specifically analyze the target variant c.257C>T. The variant appears only as part of a list of identified mutations without any functional or clinical commentary.	spartacus/qwen3-14b	catalog	medium	The paper reports 19 novel CAPN3 mutations but does not specify any individual variants by HGVS notation or amino acid change, making it a catalog of variants without per-variant analysis.
NM_000070.3:c.257C>T	CAPN3	Autosomal recessive limb-girdle muscular dystrophy type 2A	18337726	text2gene2	cDNA analyses of CAPN3 enhance mutation detection and reveal a low prevalence of LGMD2A patients in Denmark.	not_relevant	heavy/reasoning	not_relevant	high	The paper focuses on CAPN3 mutation detection and LGMD2A prevalence in Denmark, but the abstract is truncated and does not mention the specific variant c.257C>T or any of its synonyms.	loki/qwen3-coder-30b	catalog	high	The paper reports on a cohort of LGMD2A patients and identifies mutations in CAPN3, but does not provide specific analysis or findings related to the target variant c.257C>T (p.Ser86Phe). The variant appears only in a general context of mutation detection without dedicated discussion.	spartacus/qwen3-14b	not_relevant	medium	The paper discusses CAPN3 and LGMD2A broadly but does not mention the specific variant (e.g., c.257C>T, p.Ser86Phe) or its association with the disease in the provided text.
NM_000070.3:c.257C>T	CAPN3	Autosomal recessive limb-girdle muscular dystrophy type 2A	20301490	text2gene2	Calpainopathy	not_relevant	heavy/reasoning	not_relevant	high	This appears to be a general clinical description of calpainopathy without any mention of specific variants. The abstract only describes clinical characteristics and does not reference the target variant or any of its synonyms.	loki/qwen3-coder-30b	not_relevant	high	The paper discusses calpainopathy and its clinical characteristics but does not mention the specific variant CAPN3 c.257C>T (p.Ala86Val) or any of its synonyms.	spartacus/qwen3-14b	not_relevant	high	The paper discusses calpainopathy and its clinical features but does not mention the specific CAPN3 variant (e.g., c.257C>T, p.Ser86Phe) or provide any genetic analysis related to this mutation.
NM_000070.3:c.257C>T	CAPN3	Autosomal recessive limb-girdle muscular dystrophy type 2A	26147798	text2gene2	The Use of Non-Variant Sites to Improve the Clinical Assessment of Whole-Genome Sequence Data.	not_relevant	heavy/reasoning	not_relevant	high	This paper discusses methodological approaches for analyzing whole genome sequencing data and variant calling pipelines, but does not mention the CAPN3 gene, limb-girdle muscular dystrophy, or any of the specific variant synonyms for c.257C>T.	loki/qwen3-coder-30b	not_relevant	high	The paper discusses general approaches to whole-genome and whole-exome sequencing data analysis and variant calling, but does not mention the specific CAPN3 variant (c.257C>T or p.Ser86Phe) or its association with limb-girdle muscular dystrophy type 2A.	spartacus/qwen3-14b	not_relevant	high	The paper discusses general methodologies for variant and non-variant site analysis in WGS but does not mention CAPN3, limb-girdle muscular dystrophy type 2A, or any of the specific variant synonyms provided.
NM_000070.3:c.257C>T	CAPN3	Autosomal recessive limb-girdle muscular dystrophy type 2A	26659599	text2gene2	Reproducible Analysis of Post-Translational Modifications in Proteomes--Application to Human Mutations.	not_relevant	heavy/reasoning	not_relevant	high	This paper focuses on post-translational modifications (PTMs) and their relationship to mutations in general, with specific examples from RAF1 and p53. The CAPN3 gene and the specific variant c.257C>T (p.Ser86Phe) are not mentioned anywhere in the text.	loki/qwen3-coder-30b	not_relevant	high	The paper does not mention the CAPN3 gene or the specific variant c.257C>T (p.Ser86Phe) at any point. It focuses on post-translational modifications and their relationship to disease-causing mutations in general, without analyzing this specific variant or its association with limb-girdle muscular dystrophy type 2A.	spartacus/qwen3-14b	not_relevant	high	The paper discusses general relationships between PTMs and mutations but does not mention CAPN3, the specific variant (e.g., c.257C>T, p.Ser86Phe), or limb-girdle muscular dystrophy. No variant-specific findings or disease associations are reported.
NM_000070.3:c.257C>T	CAPN3	Autosomal recessive limb-girdle muscular dystrophy type 2A	27991570	text2gene2	Establishment of a highly sensitive sandwich ELISA for the N-terminal fragment of titin in urine.	not_relevant	heavy/reasoning	not_relevant	high	This paper focuses on developing a sandwich ELISA assay to measure titin N-terminal fragments as biomarkers for muscle damage and muscular dystrophies. While it mentions limb-girdle muscular dystrophy as one of the conditions where titin fragments are detected, it does not discuss any specific CAPN3 variants including c.257C>T or any of its synonyms.	loki/qwen3-coder-30b	not_relevant	high	The paper discusses titin and its N-terminal fragments as potential biomarkers for muscular dystrophies but does not mention or analyze the specific CAPN3 variant (c.257C>T, p.Ser86Phe, A86V) in question.	spartacus/qwen3-14b	not_relevant	high	The paper discusses calpain-3's role in titin cleavage and muscular dystrophy but does not mention the specific CAPN3 variant c.257C>T (p.Ser86Phe) or its association with limb-girdle muscular dystrophy type 2A. No variant-specific findings or analyses are reported.
NM_000070.3:c.257C>T	CAPN3	Autosomal recessive limb-girdle muscular dystrophy type 2A	28492532	text2gene2	Sherloc: a comprehensive refinement of the ACMG-AMP variant classification criteria.	not_relevant	heavy/reasoning	not_relevant	high	This paper describes the development of the Sherloc variant classification framework and discusses general methodology for refining ACMG-AMP guidelines. While it mentions analyzing over 40,000 variants, the specific CAPN3 c.257C>T variant is not mentioned or discussed anywhere in the text.	loki/qwen3-coder-30b	not_relevant	high	The paper describes the refinement of ACMG–AMP variant classification criteria and does not mention the specific CAPN3 variant (c.257C>T, p.Ser86Phe, A86V) or its association with limb-girdle muscular dystrophy type 2A.	spartacus/qwen3-14b	not_relevant	high	The paper discusses a general framework for variant classification (Sherloc) and does not mention CAPN3, the specific variant (c.257C>T/p.Ser86Phe), or limb-girdle muscular dystrophy type 2A. It focuses on methodological refinements rather than specific variant-disease associations.
NM_000070.3:c.257C>T	CAPN3	Autosomal recessive limb-girdle muscular dystrophy type 2A	29032633	text2gene2	2017 Annual Meetings.	not_relevant	heavy/reasoning	not_relevant	high	This appears to be just a conference title/header with no actual paper content provided. Without the full text or abstracts, there is no way to determine if the specific CAPN3 variant is discussed.	loki/qwen3-coder-30b	not_relevant	high	The paper title refers to a meeting of the American Neurological Association and does not mention the specific variant or disease associated with CAPN3. There is no indication that the content involves genetic analysis or discussion of the listed variant.	spartacus/qwen3-14b	not_relevant	low	The paper title provides no information about genetic variants, genes, or diseases. The text is unavailable for analysis.
NM_000070.3:c.257C>T	CAPN3	Autosomal recessive limb-girdle muscular dystrophy type 2A	34602496	text2gene2	A 20-year Clinical and Genetic Neuromuscular Cohort Analysis in Lebanon: An International Effort.	not_relevant	heavy/reasoning	not_relevant	high	This is a broad 20-year cohort study of neuromuscular disorders in Lebanon that mentions identifying 103 variants in 49 genes, but the specific CAPN3 c.257C>T variant is not mentioned anywhere in the available text.	loki/qwen3-coder-30b	catalog	high	The paper identifies 103 variants in 49 genes from a cohort of 506 patients but does not provide specific analysis or findings related to the target CAPN3 variant (c.257C>T). The variant appears only in a general list of identified variants without dedicated discussion or functional data.	spartacus/qwen3-14b	not_relevant	low	The paper discusses limb-girdle muscular dystrophy and CAPN3 broadly but does not mention the specific variant (e.g., c.257C>T, p.Ser86Phe) or its association with the disease. It lists 103 variants across 49 genes but provides no per-variant analysis or explicit reference to the target variant.
NM_000070.3:c.257C>T	CAPN3	Autosomal recessive limb-girdle muscular dystrophy type 2A	38104240	text2gene2	Engineered mischarged transfer RNAs for correcting pathogenic missense mutations.	not_relevant	heavy/reasoning	not_relevant	high	The paper mentions a CAPN3 Arg-to-Gln mutant but the target variant is Ser86Phe (or legacy Ala86Val), which is a different amino acid change at a different position.	loki/qwen3-coder-30b	partial	high	The paper mentions the CAPN3 gene and references a pathogenic Arg-to-Gln mutant involved in LGMD2A, but does not specifically discuss the target variant (c.257C>T, p.Ser86Phe). The variant is not analyzed or evaluated in the context of the study.	spartacus/qwen3-14b	not_relevant	high	The paper discusses a CAPN3 Arg-to-Gln mutant in LGMD2A but does not mention the specific variant c.257C>T (p.Ser86Phe) or its synonyms. The target variant is not referenced in the text.
NM_000070.3:c.257C>T	CAPN3	Autosomal recessive limb-girdle muscular dystrophy type 2A	39258114	text2gene2	Recurrent Rhabdomyolysis in a Medical Cadet during Military Training as a Rare Initial Presentation in Calpainopathy.	not_relevant	heavy/reasoning	not_relevant	high	The paper reports compound heterozygous mutations c.606dup and c.956C>T in CAPN3, but does not mention the target variant c.257C>T (p.Ser86Phe) or any of its synonyms anywhere in the text.	loki/qwen3-coder-30b	not_relevant	high	The paper describes a patient with compound heterozygous mutations in CAPN3, but the specific variant of interest (c.257C>T) is not mentioned. The reported variants are c.606dup (p.Ala203CysfsTer9) and c.956C>T (p.Pro319Leu), neither of which match the target variant.	spartacus/qwen3-14b	not_relevant	high	The paper discusses CAPN3 mutations in calpainopathy but explicitly reports different variants (c.606dup and c.956C>T) rather than the target variant (c.257C>T/p.Ser86Phe). No mention of the specific HGVS or synonyms for the target variant is present.
NM_000521.4:c.771+5G>C	HEXB	Sandhoff disease (related)	25741868	text2gene2	Standards and guidelines for the interpretation of sequence variants: a joint consensus recommendation of the American College of Medical Genetics and Genomics and the Association for Molecular Pathology.	not_relevant	heavy/reasoning	not_relevant	high	This paper is a general guideline document for variant interpretation methodology and does not discuss any specific variants, including the HEXB c.771+5G>C variant or Sandhoff disease.	loki/qwen3-coder-30b	not_relevant	high	The paper discusses general standards and guidelines for interpreting sequence variants but does not mention the specific HEXB variant (c.771+5G>C) or its association with Sandhoff disease.	spartacus/qwen3-14b	not_relevant	high	The paper discusses general guidelines for variant interpretation and does not mention the HEXB gene, the specific variant (e.g., c.771+5G>C), or Sandhoff disease. It provides no direct or indirect reference to the target variant.
NM_000521.4:c.771+5G>C	HEXB	Sandhoff disease (related)	35420740	text2gene2	Sandhoff Disease	not_relevant	heavy/reasoning	not_relevant	high	This appears to be a general clinical review or overview of Sandhoff disease that discusses phenotypic classifications but does not mention any specific genetic variants or mutations.	loki/qwen3-coder-30b	not_relevant	high	The paper discusses the clinical characteristics of Sandhoff disease broadly but does not mention the specific variant HGVS: NM_000521.4:c.771+5G>C or any of its synonyms.	spartacus/qwen3-14b	not_relevant	high	The paper discusses Sandhoff disease's clinical characteristics but does not mention the specific variant (e.g., IVS7+5G>C, c.771+5G>C) or any genetic findings related to HEXB mutations.
NM_020247.5:c.815G>A	COQ8A	Autosomal recessive ataxia due to ubiquinone deficiency	15326254	text2gene2	Progression despite replacement of a myopathic form of coenzyme Q10 defect.	not_relevant	heavy/reasoning	not_relevant	high	This paper reports on a single patient with CoQ10 deficiency but does not mention the specific COQ8A variant c.815G>A or any of its synonyms. The paper focuses on clinical progression and treatment response rather than genetic analysis.	loki/qwen3-coder-30b	not_relevant	high	The paper discusses CoQ10 deficiency and its clinical progression but does not mention the specific variant c.815G>A in COQ8A. No functional, clinical, or segregation data related to this variant are presented.	spartacus/qwen3-14b	not_relevant	high	The paper discusses clinical outcomes of CoQ10 deficiency but does not mention the specific COQ8A variant (e.g., c.815G>A, p.Gly272Asp) or its association with autosomal recessive ataxia. No genetic analysis or variant-specific findings are reported.
NM_020247.5:c.815G>A	COQ8A	Autosomal recessive ataxia due to ubiquinone deficiency	18319072	text2gene2	CABC1 gene mutations cause ubiquinone deficiency with cerebellar ataxia and seizures.	relevant	heavy/reasoning	relevant	high	The paper specifically identifies and functionally characterizes the G272D mutation in COQ8A/CABC1, demonstrating through yeast complementation assays that this mutation impairs protein function and reduces ubiquinone synthesis in patients with cerebellar atrophy and seizures.	loki/qwen3-coder-30b	relevant	high	The paper specifically discusses the p.Gly272Asp (c.815G>A) missense mutation in the COQ8A gene, demonstrating its functional impact through yeast expression studies and linking it to ubiquinone deficiency and progressive neurological disorder.	spartacus/qwen3-14b	relevant	high	The paper explicitly mentions the variant p.Gly272Asp (G272D) as one of the mutations identified in patients, and describes functional assays in yeast demonstrating its impact on ubiquinone synthesis and respiratory phenotype.
NM_020247.5:c.815G>A	COQ8A	Autosomal recessive ataxia due to ubiquinone deficiency	21296186	text2gene2	Expression of the human atypical kinase ADCK3 rescues coenzyme Q biosynthesis and phosphorylation of Coq polypeptides in yeast coq8 mutants.	not_relevant	heavy/reasoning	not_relevant	high	This paper focuses on yeast Coq8p and human ADCK3 protein function in coenzyme Q biosynthesis, but does not mention the specific COQ8A variant c.815G>A (p.Gly272Asp) or any of its synonyms. The paper discusses the gene and disease broadly but not this particular mutation.	loki/qwen3-coder-30b	not_relevant	high	The paper discusses the function of COQ8/ADCK3 in coenzyme Q biosynthesis and mentions its role in autosomal recessive ataxia due to ubiquinone deficiency, but does not specifically analyze the target variant (c.815G>A, p.Gly272Asp). The variant is not mentioned or discussed in the text.	spartacus/qwen3-14b	not_relevant	high	The paper discusses COQ8/ADCK3 function in coenzyme Q biosynthesis and mentions ADCK3 mutations in human disease but does not reference any specific variant (e.g., c.815G>A, p.Gly272Asp) or provide details about the variant listed in the target.
NM_020247.5:c.815G>A	COQ8A	Autosomal recessive ataxia due to ubiquinone deficiency	24218524	text2gene2	Autosomal-recessive cerebellar ataxia caused by a novel ADCK3 mutation that elongates the protein: clinical, genetic and biochemical characterisation.	not_relevant	heavy/reasoning	not_relevant	high	This paper focuses on ADCK3 gene mutations causing CoQ10 deficiency and cerebellar ataxia, but the target variant is in COQ8A gene. Despite both genes being involved in CoQ10 biosynthesis, no COQ8A variants or the specific c.815G>A mutation are mentioned.	loki/qwen3-coder-30b	not_relevant	high	The paper reports on mutations in the ADCK3 gene causing CoQ10 deficiency and autosomal recessive cerebellar ataxia, but does not mention the COQ8A gene or the specific variant HGVS: NM_020247.5:c.815G>A (p.Gly272Asp). The reported mutation is in ADCK3 (p.Ser616Leufs*114), which is a different gene and does not align with the target variant.	spartacus/qwen3-14b	not_relevant	high	The paper discusses ADCK3 mutations in CoQ10 deficiency, not COQ8A. The target variant (COQ8A) is unrelated to the gene (ADCK3) and variant (p.Ser616Leufs*114) specifically analysed in this study.
NM_020247.5:c.815G>A	COQ8A	Autosomal recessive ataxia due to ubiquinone deficiency	24738046	text2gene2	Comparison of the ventricle muscle proteome between patients with rheumatic heart disease and controls with mitral valve prolapse: HSP 60 may be a specific protein in RHD.	not_relevant	heavy/reasoning	not_relevant	high	This paper is a proteomics study comparing heart muscle proteins between rheumatic heart disease patients and controls with mitral valve prolapse. It does not mention COQ8A, ubiquinone deficiency, ataxia, or any of the variant synonyms.	loki/qwen3-coder-30b	not_relevant	high	The paper focuses on rheumatic heart disease and identifies differentially expressed proteins in heart muscle tissue, but does not mention the COQ8A gene or the specific variant c.815G>A in any form. There is no discussion of autosomal recessive ataxia due to ubiquinone deficiency or any genetic analysis related to COQ8A.	spartacus/qwen3-14b	not_relevant	high	The paper focuses on proteomic differences in rheumatic heart disease and mitral valve prolapse, with no mention of COQ8A, genetic variants, or autosomal recessive ataxia. It does not discuss the target variant or its association with ubiquinone deficiency.
NM_020247.5:c.815G>A	COQ8A	Autosomal recessive ataxia due to ubiquinone deficiency	26147798	text2gene2	The Use of Non-Variant Sites to Improve the Clinical Assessment of Whole-Genome Sequence Data.	not_relevant	heavy/reasoning	not_relevant	high	This paper discusses methodological improvements for analyzing whole genome sequencing data, focusing on variant calling pipelines and file formats. It does not mention the COQ8A gene, the specific variant c.815G>A, or any of its synonyms.	loki/qwen3-coder-30b	not_relevant	high	The paper discusses general approaches to whole-genome and whole-exome sequencing data analysis and variant calling, but does not mention the specific COQ8A variant (c.815G>A, p.Gly272Asp) or its association with autosomal recessive ataxia due to ubiquinone deficiency.	spartacus/qwen3-14b	not_relevant	high	The paper discusses general methodologies for variant and non-variant site analysis in WGS data but does not mention COQ8A, the specific variant (e.g., c.815G>A, p.Gly272Asp), or autosomal recessive ataxia due to ubiquinone deficiency. Examples cited (e.g., BRCA1, CFTR) are unrelated to the target variant.
NM_020247.5:c.815G>A	COQ8A	Autosomal recessive ataxia due to ubiquinone deficiency	26659599	text2gene2	Reproducible Analysis of Post-Translational Modifications in Proteomes--Application to Human Mutations.	not_relevant	heavy/reasoning	not_relevant	high	This paper focuses on post-translational modifications and their relationship to mutations in general, with specific examples from RAF1 and p53. The COQ8A gene and the specific variant c.815G>A are not mentioned anywhere in the text.	loki/qwen3-coder-30b	not_relevant	high	The paper does not mention the COQ8A gene or the specific variant HGVS: NM_020247.5:c.815G>A (p.Gly272Asp) at any point. It focuses on post-translational modifications and their relationship to disease-causing mutations in general, using RAF1 as an example, but does not discuss COQ8A or its associated variant.	spartacus/qwen3-14b	not_relevant	low	The paper discusses general relationships between PTMs and mutations but does not mention COQ8A, the specific variant (c.815G>A/p.Gly272Asp), or its association with autosomal recessive ataxia. No specific analysis of this variant is present.
NM_020247.5:c.815G>A	COQ8A	Autosomal recessive ataxia due to ubiquinone deficiency	28125198	text2gene2	Primary Coenzyme Q<sub>10</sub> Deficiency Overview	not_relevant	heavy/reasoning	not_relevant	high	This appears to be a general overview of primary CoQ10 deficiency without specific variant analysis. The abstract indicates it's a broad clinical review rather than a paper discussing individual genetic variants.	loki/qwen3-coder-30b	not_relevant	high	The paper provides an overview of primary coenzyme Q10 deficiency and its genetic causes but does not mention the specific COQ8A variant (c.815G>A, p.Gly272Asp) or any of its synonyms.	spartacus/qwen3-14b	not_relevant	low	The paper is a general overview of CoQ10 deficiency and its genetic causes but does not mention the specific COQ8A variant (e.g., c.815G>A, p.Gly272Asp) or provide any per-variant analysis.
NM_020247.5:c.815G>A	COQ8A	Autosomal recessive ataxia due to ubiquinone deficiency	29255295	text2gene2	Estimating the occurrence of primary ubiquinone deficiency by analysis of large-scale sequencing data.	catalog	heavy/reasoning	catalog	high	This is a large-scale population genetics study estimating the prevalence of primary ubiquinone deficiency variants across multiple genes including COQ8A. The specific variant c.815G>A may be included in their analysis but no individual variant findings are discussed.	loki/qwen3-coder-30b	catalog	high	The paper analyzes the frequency of pathogenic variants in UQ biosynthesis genes including COQ8A, but does not provide specific findings or analysis for the target variant (c.815G>A / p.Gly272Asp). The variant appears in a list of known pathogenic variants without dedicated discussion or functional data.	spartacus/qwen3-14b	not_relevant	high	The paper discusses genes involved in ubiquinone deficiency (including COQ8A) and estimates variant prevalence, but does not mention the specific variant (e.g., c.815G>A, p.Gly272Asp, rs26760617) or its association with the disease.
NM_020247.5:c.815G>A	COQ8A	Autosomal recessive ataxia due to ubiquinone deficiency	30602777	text2gene2	Capturing variation impact on molecular interactions in the IMEx Consortium mutations data set.	not_relevant	heavy/reasoning	not_relevant	high	This paper describes a database resource for protein interaction mutations but does not mention the specific COQ8A c.815G>A variant or any of its synonyms. The paper focuses on database methodology rather than specific variant analysis.	loki/qwen3-coder-30b	not_relevant	high	The paper describes a large-scale resource on molecular interactions and variants but does not specifically discuss the COQ8A gene or the variant HGVS: NM_020247.5:c.815G>A (p.Gly272Asp). The variant is not mentioned anywhere in the text.	spartacus/qwen3-14b	not_relevant	high	The paper discusses a general resource of mutation effects on molecular interactions but does not mention the COQ8A gene, the specific variant (e.g., c.815G>A, p.Gly272Asp), or the disease 'autosomal recessive ataxia due to ubiquinone deficiency' anywhere in the provided text.
NM_020247.5:c.815G>A	COQ8A	Autosomal recessive ataxia due to ubiquinone deficiency	31345222	text2gene2	Systematic analysis of the intersection of disease mutations with protein modifications.	not_relevant	heavy/reasoning	not_relevant	high	This paper is a systematic analysis of disease mutations intersecting with protein modifications across multiple datasets. While it mentions analyzing variants from Uniprot and dbSNP, there is no specific mention of COQ8A, the c.815G>A variant, or any of its synonyms in the provided text.	loki/qwen3-coder-30b	not_relevant	high	The paper focuses on the analysis of posttranslational modification landscapes and disease mutations in general, without specific mention or analysis of the COQ8A gene or the variant HGVS: NM_020247.5:c.815G>A (p.Gly272Asp). The variant does not appear in the text.	spartacus/qwen3-14b	not_relevant	high	The paper focuses on cancer-related mutations, PTM sites, and large-scale integration of TCGA, dbSNP, and PhosphoSitePlus data. It does not mention COQ8A, the specific variant (NM_020247.5:c.815G>A), or autosomal recessive ataxia due to ubiquinone deficiency.
NM_020247.5:c.815G>A	COQ8A	Autosomal recessive ataxia due to ubiquinone deficiency	34638552	text2gene2	Cellular Models for Primary CoQ Deficiency Pathogenesis Study.	not_relevant	heavy/reasoning	not_relevant	high	This is a review paper about cellular models for studying primary CoQ deficiency pathogenesis in general. The specific COQ8A variant c.815G>A (p.Gly272Asp) is not mentioned anywhere in the text.	loki/qwen3-coder-30b	not_relevant	high	The paper discusses COQ8A in the context of CoQ deficiency and cellular models for functional validation, but does not specifically mention or analyze the target variant (c.815G>A, p.Gly272Asp).	spartacus/qwen3-14b	not_relevant	low	The paper discusses CoQ deficiency and genetic screening methods but does not mention the specific COQ8A variant (e.g., c.815G>A, p.Gly272Asp) or its association with autosomal recessive ataxia. It focuses on general challenges in variant interpretation rather than this specific mutation.
NM_020247.5:c.815G>A	COQ8A	Autosomal recessive ataxia due to ubiquinone deficiency	35275351	text2gene2	Epilepsia Partialis Continua a Clinical Feature of a Missense Variant in the ADCK3 Gene and Poor Response to Therapy.	not_relevant	heavy/reasoning	not_relevant	high	The paper describes a novel homozygous missense variant c.814G>T (p.Gly272Cys) in ADCK3/COQ8A, but the target variant is c.815G>A (p.Gly272Asp). These are different variants affecting the same codon position but with different nucleotide changes and amino acid substitutions.	loki/qwen3-coder-30b	not_relevant	high	The paper describes a variant in the ADCK3 gene (NM_020247.5:c.814G>T; p.Gly272Cys) which is different from the target variant COQ8A p.Gly272Asp. The target variant is associated with COQ8A, not ADCK3.	spartacus/qwen3-14b	not_relevant	high	The paper discusses a different variant (NM_020247.5:c.814G>T; p.Gly272Cys) in ADCK3/COQ8A, not the target variant (c.815G>A; p.Gly272Asp). While the gene and disease context match, the specific variant is not mentioned.
NM_020247.5:c.815G>A	COQ8A	Autosomal recessive ataxia due to ubiquinone deficiency	35985679	text2gene2	The efficacy of coenzyme Q<sub>10</sub> treatment in alleviating the symptoms of primary coenzyme Q<sub>10</sub> deficiency: A systematic review.	not_relevant	heavy/reasoning	not_relevant	high	This is a systematic review examining the efficacy of CoQ10 supplementation in primary CoQ10 deficiency patients. While it discusses COQ8A gene mutations broadly, it does not mention the specific variant c.815G>A or any of its synonyms.	loki/qwen3-coder-30b	not_relevant	high	The paper discusses CoQ10 deficiency and its treatment but does not mention the specific COQ8A variant (c.815G>A/p.Gly272Asp) or any of its synonyms. It provides a general overview of PCoQD and CoQ10 supplementation without focusing on this particular variant.	spartacus/qwen3-14b	not_relevant	high	The paper discusses CoQ10 deficiency, COQ genes, and treatment outcomes but does not mention the specific variant NM_020247.5:c.815G>A (or any of its synonyms) in the provided text. It focuses on clinical treatment efficacy rather than variant-specific analysis.
NM_020247.5:c.815G>A	COQ8A	Autosomal recessive ataxia due to ubiquinone deficiency	37476682	text2gene2	Adolescence Onset Primary Coenzyme Q10 Deficiency With Rare CoQ8A Gene Mutation: A Case Report and Review of Literature.	not_relevant	heavy/reasoning	not_relevant	high	The paper describes a case with a different CoQ8A mutation (c.911C>T; p.A304V) and does not mention the target variant c.815G>A or any of its synonyms including p.Gly272Asp or p.R272H.	loki/qwen3-coder-30b	not_relevant	high	The paper describes a patient with a CoQ8A mutation (c.911C>T; p.A304V), which is different from the target variant c.815G>A (p.Gly272Asp). The reported mutation does not match any of the known synonyms for the target variant.	spartacus/qwen3-14b	not_relevant	high	The paper discusses a different CoQ8A variant (c.911C>T; p.A304V) and does not mention the target variant (c.815G>A; p.Gly272Asp) or its association with the disease.
NM_020247.5:c.815G>A	COQ8A	Autosomal recessive ataxia due to ubiquinone deficiency	37627647	text2gene2	Primary Coenzyme Q10 Deficiency: An Update.	not_relevant	heavy/reasoning	not_relevant	high	This is a comprehensive review of primary CoQ10 deficiency that discusses the COQ8A gene and its role in the biosynthetic pathway, but does not mention the specific variant c.815G>A or any of its synonyms (p.Gly272Asp, p.R272H, etc.).	loki/qwen3-coder-30b	not_relevant	high	The paper provides a general overview of primary CoQ10 deficiency and the genes involved in CoQ10 biosynthesis, including COQ8A, but does not specifically discuss the variant HGVS: NM_020247.5:c.815G>A (p.Gly272Asp) or any of its synonyms. No functional, clinical, or segregation data related to this specific variant are presented.	spartacus/qwen3-14b	not_relevant	high	The paper discusses COQ8A's role in CoQ10 biosynthesis but does not mention the specific variant (e.g., c.815G>A, p.Gly272Asp) or its association with autosomal recessive ataxia. It provides no per-variant analysis or clinical/functional data related to the target variant.
NM_001876.4:c.1216C>T	CPT1A	Carnitine palmitoyl transferase 1A deficiency	16169268	text2gene2	Homozygous carnitine palmitoyltransferase 1a (liver isoform) deficiency is lethal in the mouse.	not_relevant	heavy/reasoning	not_relevant	high	This paper describes a mouse knockout model of CPT1A deficiency created by deleting exons 11-18, but does not mention or study the specific human variant c.1216C>T or any of its synonyms.	loki/qwen3-coder-30b	not_relevant	high	The paper describes a gene knockout mouse model for CPT1A deficiency but does not mention the specific variant of interest (c.1216C>T or p.Pro406Ser). There is no discussion of functional assays, clinical data, or segregation analysis for this particular mutation.	spartacus/qwen3-14b	not_relevant	high	The paper discusses a CPT1A knockout mouse model with exon deletion, but does not mention the specific variant (c.1216C>T or any synonyms) or its association with the disease.
NM_001876.4:c.1216C>T	CPT1A	Carnitine palmitoyl transferase 1A deficiency	20301700	text2gene2	Carnitine Palmitoyltransferase 1A Deficiency	not_relevant	heavy/reasoning	not_relevant	high	This appears to be a general clinical review or overview of CPT1A deficiency as a disorder, but only contains the title and partial abstract with no specific variant information mentioned.	loki/qwen3-coder-30b	not_relevant	high	The paper title and abstract only provide a general overview of CPT1A deficiency without discussing any specific variant. No mention is made of the target variant or its clinical relevance.	spartacus/qwen3-14b	not_relevant	high	The paper's abstract discusses CPT1A deficiency and its clinical features but does not mention any specific genetic variants, including the target variant's HGVS, protein, or legacy notations.
NM_001876.4:c.1216C>T	CPT1A	Carnitine palmitoyl transferase 1A deficiency	28492532	text2gene2	Sherloc: a comprehensive refinement of the ACMG-AMP variant classification criteria.	not_relevant	heavy/reasoning	not_relevant	high	This paper describes the development of the Sherloc variant classification framework and discusses general principles of variant interpretation. While it mentions analyzing over 40,000 variants, it does not specifically discuss the CPT1A c.1216C>T variant or any of its synonyms.	loki/qwen3-coder-30b	not_relevant	high	The paper describes the refinement of ACMG–AMP variant classification criteria and does not specifically discuss the CPT1A gene or its associated variants. The target variant is not mentioned anywhere in the text.	spartacus/qwen3-14b	not_relevant	high	The paper discusses general variant classification frameworks and does not mention CPT1A, its associated disease, or any of the specific variant notations provided.
